Date,Open,High,Low,Close,Volume,Dividends,Stock Splits,Capital Gains
2024-05-29 00:00:00-04:00,44.310001373291016,44.36000061035156,44.15999984741211,44.15999984741211,6020900,0.0,0.0,0.0
2024-05-30 00:00:00-04:00,44.27000045776367,44.439998626708984,44.220001220703125,44.2400016784668,3397300,0.0,0.0,0.0
2024-05-31 00:00:00-04:00,44.5,44.529998779296875,43.869998931884766,43.9900016784668,5267800,0.0,0.0,0.0
2024-06-03 00:00:00-04:00,44.11000061035156,44.5099983215332,44.04999923706055,44.38999938964844,5176200,0.0,0.0,0.0
2024-06-04 00:00:00-04:00,44.18000030517578,44.189998626708984,43.77000045776367,43.97999954223633,4147000,0.0,0.0,0.0
2024-06-05 00:00:00-04:00,44.27000045776367,44.56999969482422,44.119998931884766,44.4900016784668,4581900,0.0,0.0,0.0
2024-06-06 00:00:00-04:00,44.619998931884766,44.95000076293945,44.56999969482422,44.84000015258789,3911700,0.0,0.0,0.0
2024-06-07 00:00:00-04:00,43.959999084472656,43.970001220703125,43.2400016784668,43.2400016784668,8422000,0.0,0.0,0.0
2024-06-10 00:00:00-04:00,43.54999923706055,43.7400016784668,43.47999954223633,43.630001068115234,3013100,0.0,0.0,0.0
2024-06-11 00:00:00-04:00,43.720001220703125,43.810001373291016,43.58000183105469,43.77000045776367,2586400,0.0,0.0,0.0
2024-06-12 00:00:00-04:00,44.2400016784668,44.25,43.77000045776367,43.880001068115234,7247300,0.0,0.0,0.0
2024-06-13 00:00:00-04:00,43.81999969482422,43.93000030517578,43.380001068115234,43.529998779296875,3185200,0.0,0.0,0.0
2024-06-14 00:00:00-04:00,43.9900016784668,44.150001525878906,43.93000030517578,44.08000183105469,3424500,0.0,0.0,0.0
2024-06-17 00:00:00-04:00,43.90999984741211,43.97999954223633,43.650001525878906,43.849998474121094,3553200,0.0,0.0,0.0
2024-06-18 00:00:00-04:00,43.79999923706055,44.099998474121094,43.7400016784668,44.029998779296875,4548500,0.0,0.0,0.0
2024-06-20 00:00:00-04:00,44.209999084472656,44.689998626708984,44.16999816894531,44.58000183105469,5276300,0.0,0.0,0.0
2024-06-21 00:00:00-04:00,44.52000045776367,44.529998779296875,43.790000915527344,43.88999938964844,5789300,0.0,0.0,0.0
2024-06-24 00:00:00-04:00,44.04999923706055,44.130001068115234,43.97999954223633,44.08000183105469,3260000,0.0,0.0,0.0
2024-06-25 00:00:00-04:00,43.93000030517578,44.0,43.7599983215332,43.849998474121094,2950000,0.0,0.0,0.0
2024-06-26 00:00:00-04:00,43.40999984741211,43.540000915527344,43.349998474121094,43.459999084472656,4411700,0.0,0.0,0.0
2024-06-27 00:00:00-04:00,43.880001068115234,44.040000915527344,43.81999969482422,43.959999084472656,3302500,0.0,0.0,0.0
2024-06-28 00:00:00-04:00,44.04999923706055,44.099998474121094,43.900001525878906,43.93000030517578,2696000,0.0,0.0,0.0
2024-07-01 00:00:00-04:00,43.9900016784668,44.11000061035156,43.84000015258789,44.060001373291016,4481200,0.0,0.0,0.0
2024-07-02 00:00:00-04:00,44.0,44.150001525878906,43.869998931884766,44.060001373291016,4599800,0.0,0.0,0.0
2024-07-03 00:00:00-04:00,44.40999984741211,44.70000076293945,44.40999984741211,44.54999923706055,3078500,0.0,0.0,0.0
2024-07-05 00:00:00-04:00,44.880001068115234,45.22999954223633,44.869998931884766,45.150001525878906,4813300,0.0,0.0,0.0
2024-07-08 00:00:00-04:00,44.88999938964844,44.970001220703125,44.439998626708984,44.599998474121094,3848900,0.0,0.0,0.0
2024-07-09 00:00:00-04:00,44.66999816894531,44.810001373291016,44.400001525878906,44.65999984741211,3114400,0.0,0.0,0.0
2024-07-10 00:00:00-04:00,44.9900016784668,45.11000061035156,44.790000915527344,44.83000183105469,3974100,0.0,0.0,0.0
2024-07-11 00:00:00-04:00,45.5099983215332,45.810001373291016,45.2599983215332,45.630001068115234,5311200,0.0,0.0,0.0
2024-07-12 00:00:00-04:00,45.38999938964844,45.70000076293945,45.349998474121094,45.61000061035156,3279400,0.0,0.0,0.0
2024-07-15 00:00:00-04:00,45.65999984741211,46.099998474121094,45.58000183105469,45.7599983215332,3046800,0.0,0.0,0.0
2024-07-16 00:00:00-04:00,46.06999969482422,46.65999984741211,46.04999923706055,46.65999984741211,7066500,0.0,0.0,0.0
2024-07-17 00:00:00-04:00,46.7599983215332,46.93000030517578,46.33000183105469,46.439998626708984,4801400,0.0,0.0,0.0
2024-07-18 00:00:00-04:00,46.529998779296875,46.65999984741211,46.11000061035156,46.150001525878906,4080800,0.0,0.0,0.0
2024-07-19 00:00:00-04:00,45.279998779296875,45.5099983215332,45.25,45.31999969482422,4611000,0.0,0.0,0.0
2024-07-22 00:00:00-04:00,45.290000915527344,45.36000061035156,45.04999923706055,45.33000183105469,2748300,0.0,0.0,0.0
2024-07-23 00:00:00-04:00,45.43000030517578,45.529998779296875,45.34000015258789,45.4900016784668,2200300,0.0,0.0,0.0
2024-07-24 00:00:00-04:00,45.68000030517578,45.959999084472656,45.310001373291016,45.310001373291016,4548400,0.0,0.0,0.0
2024-07-25 00:00:00-04:00,44.779998779296875,44.810001373291016,44.459999084472656,44.619998931884766,5045100,0.0,0.0,0.0
2024-07-26 00:00:00-04:00,44.959999084472656,45.18000030517578,44.90999984741211,45.08000183105469,3162200,0.0,0.0,0.0
2024-07-29 00:00:00-04:00,45.22999954223633,45.279998779296875,44.77000045776367,45.02000045776367,4750000,0.0,0.0,0.0
2024-07-30 00:00:00-04:00,45.2599983215332,45.560001373291016,45.040000915527344,45.4900016784668,4750300,0.0,0.0,0.0
2024-07-31 00:00:00-04:00,45.7400016784668,46.310001373291016,45.709999084472656,46.29999923706055,4986000,0.0,0.0,0.0
2024-08-01 00:00:00-04:00,46.349998474121094,46.5099983215332,45.9900016784668,46.13999938964844,5918200,0.0,0.0,0.0
2024-08-02 00:00:00-04:00,46.599998474121094,46.7599983215332,45.560001373291016,46.04999923706055,12300100,0.0,0.0,0.0
2024-08-05 00:00:00-04:00,45.09000015258789,45.599998474121094,45.02000045776367,45.47999954223633,11915400,0.0,0.0,0.0
2024-08-06 00:00:00-04:00,45.2599983215332,45.40999984741211,44.9900016784668,45.099998474121094,45584100,0.0,0.0,0.0
2024-08-07 00:00:00-04:00,45.36000061035156,45.43000030517578,45.040000915527344,45.060001373291016,3390600,0.0,0.0,0.0
2024-08-08 00:00:00-04:00,45.529998779296875,45.83000183105469,45.47999954223633,45.77000045776367,4847900,0.0,0.0,0.0
2024-08-09 00:00:00-04:00,45.939998626708984,46.040000915527344,45.7400016784668,45.88999938964844,4178400,0.0,0.0,0.0
2024-08-12 00:00:00-04:00,46.220001220703125,46.709999084472656,46.18000030517578,46.66999816894531,5027300,0.0,0.0,0.0
2024-08-13 00:00:00-04:00,46.61000061035156,46.77000045776367,46.52000045776367,46.599998474121094,10748800,0.0,0.0,0.0
2024-08-14 00:00:00-04:00,46.310001373291016,46.5,46.06999969482422,46.22999954223633,4835200,0.0,0.0,0.0
2024-08-15 00:00:00-04:00,46.290000915527344,46.5,46.02000045776367,46.369998931884766,3838900,0.0,0.0,0.0
2024-08-16 00:00:00-04:00,47.0099983215332,47.40999984741211,46.810001373291016,47.400001525878906,6205200,0.0,0.0,0.0
2024-08-19 00:00:00-04:00,47.040000915527344,47.369998931884766,46.959999084472656,47.349998474121094,3419500,0.0,0.0,0.0
2024-08-20 00:00:00-04:00,47.779998779296875,47.83000183105469,47.25,47.5099983215332,4954200,0.0,0.0,0.0
2024-08-21 00:00:00-04:00,47.36000061035156,47.599998474121094,47.119998931884766,47.459999084472656,4479600,0.0,0.0,0.0
2024-08-22 00:00:00-04:00,47.09000015258789,47.119998931884766,46.65999984741211,46.880001068115234,3331300,0.0,0.0,0.0
2024-08-23 00:00:00-04:00,47.220001220703125,47.56999969482422,47.119998931884766,47.43000030517578,4430400,0.0,0.0,0.0
2024-08-26 00:00:00-04:00,47.720001220703125,47.72999954223633,47.439998626708984,47.58000183105469,2274600,0.0,0.0,0.0
2024-08-27 00:00:00-04:00,47.36000061035156,47.720001220703125,47.349998474121094,47.709999084472656,3200300,0.0,0.0,0.0
2024-08-28 00:00:00-04:00,47.43000030517578,47.43000030517578,47.15999984741211,47.380001068115234,2355600,0.0,0.0,0.0
2024-08-29 00:00:00-04:00,47.40999984741211,47.7599983215332,47.40999984741211,47.619998931884766,3828200,0.0,0.0,0.0
2024-08-30 00:00:00-04:00,47.52000045776367,47.599998474121094,47.119998931884766,47.279998779296875,3464100,0.0,0.0,0.0
2024-09-03 00:00:00-04:00,47.099998474121094,47.130001068115234,46.720001220703125,47.09000015258789,4461300,0.0,0.0,0.0
2024-09-04 00:00:00-04:00,46.959999084472656,47.22999954223633,46.88999938964844,47.11000061035156,5054200,0.0,0.0,0.0
2024-09-05 00:00:00-04:00,47.56999969482422,47.61000061035156,47.290000915527344,47.5099983215332,3715600,0.0,0.0,0.0
2024-09-06 00:00:00-04:00,47.38999938964844,47.56999969482422,46.939998626708984,47.150001525878906,5270500,0.0,0.0,0.0
2024-09-09 00:00:00-04:00,47.27000045776367,47.349998474121094,47.099998474121094,47.349998474121094,2557500,0.0,0.0,0.0
2024-09-10 00:00:00-04:00,47.5,47.58000183105469,47.25,47.54999923706055,2278300,0.0,0.0,0.0
2024-09-11 00:00:00-04:00,47.369998931884766,47.599998474121094,47.2400016784668,47.47999954223633,3426500,0.0,0.0,0.0
2024-09-12 00:00:00-04:00,47.970001220703125,48.33000183105469,47.91999816894531,48.31999969482422,4596800,0.0,0.0,0.0
2024-09-13 00:00:00-04:00,48.68000030517578,48.849998474121094,48.599998474121094,48.79999923706055,4379600,0.0,0.0,0.0
2024-09-16 00:00:00-04:00,48.810001373291016,48.90999984741211,48.65999984741211,48.77000045776367,1916500,0.0,0.0,0.0
2024-09-17 00:00:00-04:00,48.68000030517578,48.779998779296875,48.380001068115234,48.529998779296875,3053600,0.0,0.0,0.0
2024-09-18 00:00:00-04:00,48.68000030517578,49.119998931884766,48.11000061035156,48.150001525878906,9193200,0.0,0.0,0.0
2024-09-19 00:00:00-04:00,48.70000076293945,48.959999084472656,48.529998779296875,48.88999938964844,5405800,0.0,0.0,0.0
2024-09-20 00:00:00-04:00,49.290000915527344,49.599998474121094,49.16999816894531,49.52000045776367,5577800,0.0,0.0,0.0
2024-09-23 00:00:00-04:00,49.68000030517578,49.779998779296875,49.59000015258789,49.599998474121094,3479200,0.0,0.0,0.0
2024-09-24 00:00:00-04:00,49.7599983215332,50.34000015258789,49.709999084472656,50.310001373291016,5322700,0.0,0.0,0.0
2024-09-25 00:00:00-04:00,50.33000183105469,50.38999938964844,50.04999923706055,50.25,4024300,0.0,0.0,0.0
2024-09-26 00:00:00-04:00,50.38999938964844,50.56999969482422,50.13999938964844,50.5,3965300,0.0,0.0,0.0
2024-09-27 00:00:00-04:00,50.36000061035156,50.439998626708984,49.91999816894531,50.09000015258789,9018200,0.0,0.0,0.0
2024-09-30 00:00:00-04:00,49.88999938964844,49.900001525878906,49.58000183105469,49.70000076293945,4001500,0.0,0.0,0.0
2024-10-01 00:00:00-04:00,50.13999938964844,50.4900016784668,50.099998474121094,50.209999084472656,6266900,0.0,0.0,0.0
2024-10-02 00:00:00-04:00,50.209999084472656,50.29999923706055,49.880001068115234,50.220001220703125,8670400,0.0,0.0,0.0
2024-10-03 00:00:00-04:00,50.029998779296875,50.279998779296875,49.81999969482422,50.20000076293945,8834200,0.0,0.0,0.0
2024-10-04 00:00:00-04:00,50.09000015258789,50.43000030517578,49.900001525878906,50.08000183105469,8654700,0.0,0.0,0.0
2024-10-07 00:00:00-04:00,50.0,50.060001373291016,49.849998474121094,49.91999816894531,2530100,0.0,0.0,0.0
2024-10-08 00:00:00-04:00,49.84000015258789,49.88999938964844,49.20000076293945,49.540000915527344,10629200,0.0,0.0,0.0
2024-10-09 00:00:00-04:00,49.310001373291016,49.439998626708984,49.20000076293945,49.27000045776367,3166800,0.0,0.0,0.0
2024-10-10 00:00:00-04:00,49.41999816894531,49.689998626708984,49.380001068115234,49.650001525878906,2936600,0.0,0.0,0.0
2024-10-11 00:00:00-04:00,50.0,50.27000045776367,49.97999954223633,50.15999984741211,2017700,0.0,0.0,0.0
2024-10-14 00:00:00-04:00,50.119998931884766,50.2599983215332,49.93000030517578,50.099998474121094,2166300,0.0,0.0,0.0
2024-10-15 00:00:00-04:00,50.09000015258789,50.40999984741211,50.0,50.279998779296875,2728800,0.0,0.0,0.0
2024-10-16 00:00:00-04:00,50.63999938964844,50.720001220703125,50.369998931884766,50.529998779296875,2245000,0.0,0.0,0.0
2024-10-17 00:00:00-04:00,50.65999984741211,50.91999816894531,50.630001068115234,50.84000015258789,4507200,0.0,0.0,0.0
2024-10-18 00:00:00-04:00,51.11000061035156,51.40999984741211,51.099998474121094,51.369998931884766,7175600,0.0,0.0,0.0
2024-10-21 00:00:00-04:00,51.68000030517578,51.7599983215332,51.27000045776367,51.380001068115234,6549300,0.0,0.0,0.0
2024-10-22 00:00:00-04:00,51.72999954223633,51.91999816894531,51.630001068115234,51.91999816894531,4308600,0.0,0.0,0.0
2024-10-23 00:00:00-04:00,51.75,51.7599983215332,51.150001525878906,51.290000915527344,5307800,0.0,0.0,0.0
2024-10-24 00:00:00-04:00,51.790000915527344,51.79999923706055,51.400001525878906,51.68000030517578,3483700,0.0,0.0,0.0
2024-10-25 00:00:00-04:00,51.540000915527344,51.84000015258789,51.47999954223633,51.79999923706055,2901100,0.0,0.0,0.0
2024-10-28 00:00:00-04:00,51.7400016784668,51.86000061035156,51.720001220703125,51.779998779296875,4269700,0.0,0.0,0.0
2024-10-29 00:00:00-04:00,52.02000045776367,52.400001525878906,51.97999954223633,52.36000061035156,9023700,0.0,0.0,0.0
2024-10-30 00:00:00-04:00,52.5,52.689998626708984,52.33000183105469,52.650001525878906,3386300,0.0,0.0,0.0
2024-10-31 00:00:00-04:00,52.25,52.2599983215332,51.56999969482422,51.84000015258789,11368200,0.0,0.0,0.0
2024-11-01 00:00:00-04:00,51.9900016784668,52.11000061035156,51.619998931884766,51.619998931884766,5835100,0.0,0.0,0.0
2024-11-04 00:00:00-05:00,51.79999923706055,51.849998474121094,51.59000015258789,51.70000076293945,3213100,0.0,0.0,0.0
2024-11-05 00:00:00-05:00,51.880001068115234,51.93000030517578,51.61000061035156,51.810001373291016,2337200,0.0,0.0,0.0
2024-11-06 00:00:00-05:00,50.220001220703125,50.56999969482422,50.08000183105469,50.22999954223633,10917700,0.0,0.0,0.0
2024-11-07 00:00:00-05:00,50.7599983215332,51.15999984741211,50.72999954223633,51.060001373291016,4299600,0.0,0.0,0.0
2024-11-08 00:00:00-05:00,50.91999816894531,50.9900016784668,50.65999984741211,50.70000076293945,27814500,0.0,0.0,0.0
2024-11-11 00:00:00-05:00,49.619998931884766,49.630001068115234,49.290000915527344,49.5099983215332,9869500,0.0,0.0,0.0
2024-11-12 00:00:00-05:00,49.349998474121094,49.40999984741211,48.959999084472656,49.08000183105469,7707100,0.0,0.0,0.0
2024-11-13 00:00:00-05:00,49.34000015258789,49.380001068115234,48.59000015258789,48.59000015258789,8931800,0.0,0.0,0.0
2024-11-14 00:00:00-05:00,48.380001068115234,48.65999984741211,48.290000915527344,48.459999084472656,6173000,0.0,0.0,0.0
2024-11-15 00:00:00-05:00,48.56999969482422,48.630001068115234,48.31999969482422,48.369998931884766,5204600,0.0,0.0,0.0
2024-11-18 00:00:00-05:00,49.15999984741211,49.380001068115234,49.15999984741211,49.290000915527344,5592000,0.0,0.0,0.0
2024-11-19 00:00:00-05:00,49.63999938964844,49.75,49.4900016784668,49.7400016784668,4858900,0.0,0.0,0.0
2024-11-20 00:00:00-05:00,49.83000183105469,50.13999938964844,49.790000915527344,50.029998779296875,4127900,0.0,0.0,0.0
2024-11-21 00:00:00-05:00,50.349998474121094,50.470001220703125,50.2400016784668,50.439998626708984,3074400,0.0,0.0,0.0
2024-11-22 00:00:00-05:00,50.75,51.20000076293945,50.68000030517578,51.08000183105469,4238800,0.0,0.0,0.0
2024-11-25 00:00:00-05:00,49.959999084472656,49.970001220703125,49.38999938964844,49.59000015258789,7724200,0.0,0.0,0.0
2024-11-26 00:00:00-05:00,49.63999938964844,49.709999084472656,49.400001525878906,49.689998626708984,4047700,0.0,0.0,0.0
2024-11-27 00:00:00-05:00,50.06999969482422,50.13999938964844,49.72999954223633,49.779998779296875,7452800,0.0,0.0,0.0
2024-11-29 00:00:00-05:00,50.150001525878906,50.2599983215332,50.04999923706055,50.25,2425500,0.0,0.0,0.0
2024-12-02 00:00:00-05:00,49.9900016784668,50.02000045776367,49.720001220703125,49.790000915527344,5103900,0.0,0.0,0.0
2024-12-03 00:00:00-05:00,50.09000015258789,50.13999938964844,49.7599983215332,49.88999938964844,3199000,0.0,0.0,0.0
2024-12-04 00:00:00-05:00,50.09000015258789,50.16999816894531,49.97999954223633,50.040000915527344,4012000,0.0,0.0,0.0
2024-12-05 00:00:00-05:00,49.939998626708984,49.97999954223633,49.52000045776367,49.66999816894531,3758900,0.0,0.0,0.0
2024-12-06 00:00:00-05:00,49.63999938964844,49.869998931884766,49.58000183105469,49.68000030517578,6142600,0.0,0.0,0.0
2024-12-09 00:00:00-05:00,50.380001068115234,50.529998779296875,50.15999984741211,50.16999816894531,4664100,0.0,0.0,0.0
2024-12-10 00:00:00-05:00,50.68000030517578,50.88999938964844,50.68000030517578,50.83000183105469,2917100,0.0,0.0,0.0
2024-12-11 00:00:00-05:00,50.9900016784668,51.380001068115234,50.90999984741211,51.29999923706055,7037100,0.0,0.0,0.0
2024-12-12 00:00:00-05:00,50.689998626708984,50.77000045776367,50.4900016784668,50.56999969482422,6261000,0.0,0.0,0.0
2024-12-13 00:00:00-05:00,50.2400016784668,50.29999923706055,49.95000076293945,49.97999954223633,5438400,0.0,0.0,0.0
2024-12-16 00:00:00-05:00,50.16999816894531,50.209999084472656,50.0099983215332,50.060001373291016,3704600,0.0,0.0,0.0
2024-12-17 00:00:00-05:00,49.86000061035156,50.0099983215332,49.7400016784668,49.90999984741211,4223700,0.0,0.0,0.0
2024-12-18 00:00:00-05:00,49.79999923706055,49.84000015258789,48.84000015258789,48.93000030517578,7227700,0.0,0.0,0.0
2024-12-19 00:00:00-05:00,49.0099983215332,49.09000015258789,48.83000183105469,49.0,3855400,0.0,0.0,0.0
2024-12-20 00:00:00-05:00,49.380001068115234,49.68000030517578,49.31999969482422,49.5,5019400,0.0,0.0,0.0
2024-12-23 00:00:00-05:00,49.40999984741211,49.41999816894531,49.209999084472656,49.27000045776367,4704500,0.0,0.0,0.0
2024-12-24 00:00:00-05:00,49.380001068115234,49.41999816894531,49.25,49.38999938964844,1216700,0.0,0.0,0.0
2024-12-26 00:00:00-05:00,49.58000183105469,49.810001373291016,49.529998779296875,49.720001220703125,2383900,0.0,0.0,0.0
2024-12-27 00:00:00-05:00,49.36000061035156,49.4900016784668,49.29999923706055,49.369998931884766,2654200,0.0,0.0,0.0
2024-12-30 00:00:00-05:00,49.29999923706055,49.29999923706055,49.0,49.220001220703125,2624600,0.0,0.0,0.0
2024-12-31 00:00:00-05:00,49.29999923706055,49.599998474121094,49.29999923706055,49.5099983215332,3248800,0.0,0.0,0.0
2025-01-02 00:00:00-05:00,49.95000076293945,50.220001220703125,49.91999816894531,50.189998626708984,4048400,0.0,0.0,0.0
2025-01-03 00:00:00-05:00,50.02000045776367,50.06999969482422,49.779998779296875,49.790000915527344,3330600,0.0,0.0,0.0
2025-01-06 00:00:00-05:00,49.560001373291016,49.86000061035156,49.5099983215332,49.7400016784668,3789000,0.0,0.0,0.0
2025-01-07 00:00:00-05:00,50.209999084472656,50.27000045776367,49.880001068115234,50.0099983215332,5951900,0.0,0.0,0.0
2025-01-08 00:00:00-05:00,50.25,50.40999984741211,50.0099983215332,50.290000915527344,4796300,0.0,0.0,0.0
2025-01-10 00:00:00-05:00,50.7400016784668,50.93000030517578,50.630001068115234,50.779998779296875,10078700,0.0,0.0,0.0
2025-01-13 00:00:00-05:00,50.369998931884766,50.47999954223633,50.13999938964844,50.25,4420500,0.0,0.0,0.0
2025-01-14 00:00:00-05:00,50.209999084472656,50.529998779296875,50.209999084472656,50.529998779296875,2558600,0.0,0.0,0.0
2025-01-15 00:00:00-05:00,50.779998779296875,50.90999984741211,50.529998779296875,50.90999984741211,5123900,0.0,0.0,0.0
2025-01-16 00:00:00-05:00,51.25,51.41999816894531,51.189998626708984,51.25,6770500,0.0,0.0,0.0
2025-01-17 00:00:00-05:00,51.060001373291016,51.29999923706055,50.959999084472656,50.9900016784668,4246100,0.0,0.0,0.0
2025-01-21 00:00:00-05:00,51.54999923706055,51.83000183105469,51.52000045776367,51.75,5817000,0.0,0.0,0.0
2025-01-22 00:00:00-05:00,52.0099983215332,52.099998474121094,51.90999984741211,52.029998779296875,4875700,0.0,0.0,0.0
2025-01-23 00:00:00-05:00,51.790000915527344,52.08000183105469,51.709999084472656,51.97999954223633,4447400,0.0,0.0,0.0
2025-01-24 00:00:00-05:00,52.349998474121094,52.58000183105469,52.279998779296875,52.310001373291016,4306100,0.0,0.0,0.0
2025-01-27 00:00:00-05:00,51.90999984741211,52.0,51.52000045776367,51.7599983215332,6761900,0.0,0.0,0.0
2025-01-28 00:00:00-05:00,51.97999954223633,52.189998626708984,51.91999816894531,52.18000030517578,5485900,0.0,0.0,0.0
2025-01-29 00:00:00-05:00,52.040000915527344,52.11000061035156,51.810001373291016,52.0,5875600,0.0,0.0,0.0
2025-01-30 00:00:00-05:00,52.59000015258789,52.810001373291016,52.459999084472656,52.7599983215332,7054900,0.0,0.0,0.0
2025-01-31 00:00:00-05:00,52.9900016784668,53.18000030517578,52.7400016784668,52.869998931884766,6713700,0.0,0.0,0.0
2025-02-03 00:00:00-05:00,53.130001068115234,53.439998626708984,53.09000015258789,53.16999816894531,9447800,0.0,0.0,0.0
2025-02-04 00:00:00-05:00,53.54999923706055,53.689998626708984,53.459999084472656,53.689998626708984,5745200,0.0,0.0,0.0
2025-02-05 00:00:00-05:00,54.08000183105469,54.400001525878906,53.9900016784668,54.02000045776367,9173700,0.0,0.0,0.0
2025-02-06 00:00:00-05:00,53.93000030517578,53.939998626708984,53.47999954223633,53.88999938964844,5222300,0.0,0.0,0.0
2025-02-07 00:00:00-05:00,54.22999954223633,54.47999954223633,53.83000183105469,53.970001220703125,8020200,0.0,0.0,0.0
2025-02-10 00:00:00-05:00,54.83000183105469,54.95000076293945,54.66999816894531,54.880001068115234,10280900,0.0,0.0,0.0
2025-02-11 00:00:00-05:00,54.7599983215332,54.880001068115234,54.560001373291016,54.689998626708984,6019900,0.0,0.0,0.0
2025-02-12 00:00:00-05:00,54.650001525878906,54.90999984741211,54.47999954223633,54.75,7051000,0.0,0.0,0.0
2025-02-13 00:00:00-05:00,54.88999938964844,55.29999923706055,54.869998931884766,55.279998779296875,4307200,0.0,0.0,0.0
2025-02-14 00:00:00-05:00,55.2400016784668,55.27000045776367,54.29999923706055,54.459999084472656,5884600,0.0,0.0,0.0
2025-02-18 00:00:00-05:00,55.15999984741211,55.439998626708984,55.150001525878906,55.369998931884766,5334100,0.0,0.0,0.0
2025-02-19 00:00:00-05:00,55.369998931884766,55.4900016784668,55.08000183105469,55.41999816894531,4368700,0.0,0.0,0.0
2025-02-20 00:00:00-05:00,55.279998779296875,55.599998474121094,55.27000045776367,55.439998626708984,3571300,0.0,0.0,0.0
2025-02-21 00:00:00-05:00,55.380001068115234,55.540000915527344,55.13999938964844,55.38999938964844,6585900,0.0,0.0,0.0
2025-02-24 00:00:00-05:00,55.52000045776367,55.70000076293945,55.310001373291016,55.68000030517578,4927900,0.0,0.0,0.0
2025-02-25 00:00:00-05:00,55.529998779296875,55.56999969482422,54.5,54.970001220703125,8801200,0.0,0.0,0.0
2025-02-26 00:00:00-05:00,54.63999938964844,55.04999923706055,54.560001373291016,55.040000915527344,5220700,0.0,0.0,0.0
2025-02-27 00:00:00-05:00,54.52000045776367,54.560001373291016,54.099998474121094,54.20000076293945,25891400,0.0,0.0,0.0
2025-02-28 00:00:00-05:00,53.70000076293945,53.88999938964844,53.439998626708984,53.869998931884766,10115800,0.0,0.0,0.0
2025-03-03 00:00:00-05:00,54.22999954223633,54.599998474121094,54.20000076293945,54.56999969482422,7463000,0.0,0.0,0.0
2025-03-04 00:00:00-05:00,55.04999923706055,55.11000061035156,54.72999954223633,55.040000915527344,12685800,0.0,0.0,0.0
2025-03-05 00:00:00-05:00,54.81999969482422,55.290000915527344,54.81999969482422,55.16999816894531,7395200,0.0,0.0,0.0
2025-03-06 00:00:00-05:00,54.869998931884766,55.130001068115234,54.869998931884766,54.869998931884766,5236500,0.0,0.0,0.0
2025-03-07 00:00:00-05:00,55.040000915527344,55.29999923706055,54.77000045776367,54.90999984741211,6019100,0.0,0.0,0.0
2025-03-10 00:00:00-04:00,54.75,54.91999816894531,54.34000015258789,54.43000030517578,8597200,0.0,0.0,0.0
2025-03-11 00:00:00-04:00,54.939998626708984,55.13999938964844,54.91999816894531,55.06999969482422,8303600,0.0,0.0,0.0
2025-03-12 00:00:00-04:00,54.93000030517578,55.4900016784668,54.900001525878906,55.29999923706055,12694100,0.0,0.0,0.0
2025-03-13 00:00:00-04:00,55.56999969482422,56.33000183105469,55.560001373291016,56.27000045776367,12053400,0.0,0.0,0.0
2025-03-14 00:00:00-04:00,56.52000045776367,56.529998779296875,56.189998626708984,56.290000915527344,5274100,0.0,0.0,0.0
2025-03-17 00:00:00-04:00,56.369998931884766,56.630001068115234,56.349998474121094,56.619998931884766,4505500,0.0,0.0,0.0
2025-03-18 00:00:00-04:00,57.279998779296875,57.33000183105469,57.06999969482422,57.27000045776367,6110100,0.0,0.0,0.0
2025-03-19 00:00:00-04:00,57.27000045776367,57.59000015258789,57.09000015258789,57.5099983215332,5683800,0.0,0.0,0.0
2025-03-20 00:00:00-04:00,57.18000030517578,57.470001220703125,57.15999984741211,57.439998626708984,5281800,0.0,0.0,0.0
2025-03-21 00:00:00-04:00,57.13999938964844,57.15999984741211,56.59000015258789,56.970001220703125,5562200,0.0,0.0,0.0
2025-03-24 00:00:00-04:00,57.040000915527344,57.09000015258789,56.630001068115234,56.70000076293945,5024500,0.0,0.0,0.0
2025-03-25 00:00:00-04:00,57.02000045776367,57.27000045776367,56.93000030517578,56.9900016784668,2805200,0.0,0.0,0.0
2025-03-26 00:00:00-04:00,57.06999969482422,57.09000015258789,56.84000015258789,56.91999816894531,2367200,0.0,0.0,0.0
2025-03-27 00:00:00-04:00,57.380001068115234,57.709999084472656,57.20000076293945,57.68000030517578,5245500,0.0,0.0,0.0
2025-03-28 00:00:00-04:00,58.04999923706055,58.2400016784668,57.869998931884766,58.130001068115234,5060900,0.0,0.0,0.0
2025-03-31 00:00:00-04:00,58.83000183105469,59.0,58.4900016784668,58.959999084472656,9362300,0.0,0.0,0.0
2025-04-01 00:00:00-04:00,59.04999923706055,59.150001525878906,58.5,58.86000061035156,13282000,0.0,0.0,0.0
2025-04-02 00:00:00-04:00,58.970001220703125,59.13999938964844,58.79999923706055,58.95000076293945,6634500,0.0,0.0,0.0
2025-04-03 00:00:00-04:00,57.849998474121094,59.13999938964844,57.790000915527344,58.599998474121094,12148800,0.0,0.0,0.0
2025-04-04 00:00:00-04:00,58.029998779296875,58.11000061035156,56.88999938964844,57.2599983215332,16907900,0.0,0.0,0.0
2025-04-07 00:00:00-04:00,57.040000915527344,57.29999923706055,55.779998779296875,56.099998474121094,16100500,0.0,0.0,0.0
2025-04-08 00:00:00-04:00,56.849998474121094,56.93000030517578,56.11000061035156,56.310001373291016,11423300,0.0,0.0,0.0
2025-04-09 00:00:00-04:00,57.7400016784668,58.47999954223633,57.5,58.380001068115234,19134300,0.0,0.0,0.0
2025-04-10 00:00:00-04:00,59.099998474121094,59.91999816894531,58.779998779296875,59.810001373291016,10539300,0.0,0.0,0.0
2025-04-11 00:00:00-04:00,60.95000076293945,61.220001220703125,60.72999954223633,60.959999084472656,10467200,0.0,0.0,0.0
2025-04-14 00:00:00-04:00,60.45000076293945,60.689998626708984,60.2599983215332,60.59000015258789,13329800,0.0,0.0,0.0
2025-04-15 00:00:00-04:00,60.7599983215332,60.97999954223633,60.58000183105469,60.939998626708984,4791500,0.0,0.0,0.0
2025-04-16 00:00:00-04:00,62.33000183105469,63.029998779296875,62.15999984741211,62.93000030517578,11711500,0.0,0.0,0.0
2025-04-17 00:00:00-04:00,62.68000030517578,62.849998474121094,61.939998626708984,62.630001068115234,7502900,0.0,0.0,0.0
2025-04-21 00:00:00-04:00,64.47000122070312,64.72000122070312,64.23999786376953,64.58999633789062,11458600,0.0,0.0,0.0
2025-04-22 00:00:00-04:00,64.97000122070312,64.9800033569336,63.5,63.65999984741211,21160500,0.0,0.0,0.0
2025-04-23 00:00:00-04:00,62.22999954223633,62.34000015258789,61.4900016784668,62.119998931884766,20124300,0.0,0.0,0.0
2025-04-24 00:00:00-04:00,62.810001373291016,63.119998931884766,62.349998474121094,63.040000915527344,8467200,0.0,0.0,0.0
2025-04-25 00:00:00-04:00,61.7599983215332,62.47999954223633,61.58000183105469,62.34000015258789,7890000,0.0,0.0,0.0
2025-04-28 00:00:00-04:00,62.2400016784668,63.25,62.0,63.22999954223633,7891500,0.0,0.0,0.0
2025-04-29 00:00:00-04:00,62.58000183105469,62.79999923706055,62.2400016784668,62.63999938964844,7537600,0.0,0.0,0.0
2025-04-30 00:00:00-04:00,62.34000015258789,62.619998931884766,62.09000015258789,62.16999816894531,8244800,0.0,0.0,0.0
2025-05-01 00:00:00-04:00,60.849998474121094,60.959999084472656,60.43000030517578,60.86000061035156,8245300,0.0,0.0,0.0
2025-05-02 00:00:00-04:00,61.43000030517578,61.54999923706055,60.77000045776367,60.970001220703125,6921500,0.0,0.0,0.0
2025-05-05 00:00:00-04:00,62.599998474121094,62.95000076293945,62.349998474121094,62.790000915527344,7354900,0.0,0.0,0.0
2025-05-06 00:00:00-04:00,64.05999755859375,64.58999633789062,63.72999954223633,64.56999969482422,8319200,0.0,0.0,0.0
2025-05-07 00:00:00-04:00,63.869998931884766,64.0999984741211,63.45000076293945,63.61000061035156,7982700,0.0,0.0,0.0
2025-05-08 00:00:00-04:00,63.380001068115234,63.529998779296875,62.02000045776367,62.34000015258789,9265000,0.0,0.0,0.0
2025-05-09 00:00:00-04:00,62.97999954223633,63.130001068115234,62.619998931884766,62.77000045776367,4985300,0.0,0.0,0.0
2025-05-12 00:00:00-04:00,61.06999969482422,61.27000045776367,60.75,61.0,11144100,0.0,0.0,0.0
2025-05-13 00:00:00-04:00,61.18000030517578,61.439998626708984,60.83000183105469,61.279998779296875,9535000,0.0,0.0,0.0
2025-05-14 00:00:00-04:00,60.09000015258789,60.310001373291016,59.7400016784668,59.970001220703125,10171800,0.0,0.0,0.0
2025-05-15 00:00:00-04:00,60.16999816894531,60.95000076293945,60.11000061035156,60.93000030517578,6693400,0.0,0.0,0.0
2025-05-16 00:00:00-04:00,59.880001068115234,60.27000045776367,59.709999084472656,60.20000076293945,8372300,0.0,0.0,0.0
2025-05-19 00:00:00-04:00,60.95000076293945,61.09000015258789,60.66999816894531,60.970001220703125,5463400,0.0,0.0,0.0
2025-05-20 00:00:00-04:00,61.060001373291016,62.13999938964844,61.04999923706055,62.119998931884766,21557900,0.0,0.0,0.0
2025-05-21 00:00:00-04:00,62.310001373291016,62.709999084472656,62.130001068115234,62.59000015258789,11393400,0.0,0.0,0.0
2025-05-22 00:00:00-04:00,62.43000030517578,62.470001220703125,61.83000183105469,62.029998779296875,8357900,0.0,0.0,0.0
2025-05-23 00:00:00-04:00,63.209999084472656,63.47999954223633,62.91999816894531,63.380001068115234,7542000,0.0,0.0,0.0
2025-05-27 00:00:00-04:00,62.15999984741211,62.380001068115234,61.95000076293945,62.310001373291016,6745300,0.0,0.0,0.0
2025-05-28 00:00:00-04:00,62.349998474121094,62.40999984741211,62.02000045776367,62.16999816894531,11400800,0.0,0.0,0.0
2025-05-29 00:00:00-04:00,62.560001373291016,62.79999923706055,62.29999923706055,62.540000915527344,6176200,0.0,0.0,0.0
2025-05-30 00:00:00-04:00,62.119998931884766,62.220001220703125,61.70000076293945,62.15999984741211,8115900,0.0,0.0,0.0
2025-06-02 00:00:00-04:00,63.290000915527344,63.790000915527344,63.18000030517578,63.77000045776367,8006100,0.0,0.0,0.0
2025-06-03 00:00:00-04:00,63.349998474121094,63.349998474121094,62.849998474121094,63.22999954223633,7150900,0.0,0.0,0.0
2025-06-04 00:00:00-04:00,63.310001373291016,63.81999969482422,63.189998626708984,63.619998931884766,5773600,0.0,0.0,0.0
2025-06-05 00:00:00-04:00,63.709999084472656,63.88999938964844,62.959999084472656,63.290000915527344,16510800,0.0,0.0,0.0
2025-06-06 00:00:00-04:00,63.22999954223633,63.27000045776367,62.439998626708984,62.470001220703125,6056200,0.0,0.0,0.0
2025-06-09 00:00:00-04:00,62.47999954223633,62.95000076293945,62.43000030517578,62.7400016784668,4308800,0.0,0.0,0.0
2025-06-10 00:00:00-04:00,63.09000015258789,63.150001525878906,62.599998474121094,62.77000045776367,4983900,0.0,0.0,0.0
2025-06-11 00:00:00-04:00,62.95000076293945,63.150001525878906,62.599998474121094,63.119998931884766,7219400,0.0,0.0,0.0
2025-06-12 00:00:00-04:00,63.779998779296875,64.08000183105469,63.689998626708984,63.88999938964844,11874900,0.0,0.0,0.0
2025-06-13 00:00:00-04:00,64.93000030517578,65.0,64.45999908447266,64.73999786376953,11711200,0.0,0.0,0.0
2025-06-16 00:00:00-04:00,64.41999816894531,64.43000030517578,63.779998779296875,63.79999923706055,8940900,0.0,0.0,0.0
2025-06-17 00:00:00-04:00,63.97999954223633,64.05000305175781,63.459999084472656,63.81999969482422,8616500,0.0,0.0,0.0
2025-06-18 00:00:00-04:00,64.0199966430664,64.05999755859375,63.41999816894531,63.47999954223633,9442500,0.0,0.0,0.0
2025-06-20 00:00:00-04:00,63.29999923706055,63.630001068115234,63.290000915527344,63.45000076293945,4568300,0.0,0.0,0.0
2025-06-23 00:00:00-04:00,63.52000045776367,63.9900016784668,63.5099983215332,63.66999816894531,10781600,0.0,0.0,0.0
2025-06-24 00:00:00-04:00,62.43000030517578,62.709999084472656,62.130001068115234,62.68000030517578,9301900,0.0,0.0,0.0
2025-06-25 00:00:00-04:00,62.5,62.900001525878906,62.45000076293945,62.849998474121094,4078400,0.0,0.0,0.0
2025-06-26 00:00:00-04:00,62.560001373291016,62.88999938964844,62.400001525878906,62.79999923706055,4159600,0.0,0.0,0.0
2025-06-27 00:00:00-04:00,61.400001525878906,61.88999938964844,61.369998931884766,61.650001525878906,7104300,0.0,0.0,0.0
2025-06-30 00:00:00-04:00,61.880001068115234,62.369998931884766,61.79999923706055,62.36000061035156,10439800,0.0,0.0,0.0
2025-07-01 00:00:00-04:00,63.15999984741211,63.22999954223633,62.900001525878906,62.91999816894531,5328200,0.0,0.0,0.0
2025-07-02 00:00:00-04:00,63.029998779296875,63.31999969482422,62.81999969482422,63.310001373291016,9064000,0.0,0.0,0.0
2025-07-03 00:00:00-04:00,62.83000183105469,62.95000076293945,62.65999984741211,62.869998931884766,3156500,0.0,0.0,0.0
2025-07-07 00:00:00-04:00,62.349998474121094,62.97999954223633,62.33000183105469,62.91999816894531,4468700,0.0,0.0,0.0
2025-07-08 00:00:00-04:00,62.709999084472656,62.720001220703125,61.959999084472656,62.2599983215332,8177800,0.0,0.0,0.0
2025-07-09 00:00:00-04:00,62.130001068115234,62.529998779296875,62.060001373291016,62.52000045776367,4476000,0.0,0.0,0.0
2025-07-10 00:00:00-04:00,62.66999816894531,62.72999954223633,62.38999938964844,62.66999816894531,3568500,0.0,0.0,0.0
2025-07-11 00:00:00-04:00,63.20000076293945,63.5,63.13999938964844,63.29999923706055,5651000,0.0,0.0,0.0
2025-07-14 00:00:00-04:00,63.2599983215332,63.33000183105469,62.97999954223633,63.04999923706055,4615300,0.0,0.0,0.0
2025-07-15 00:00:00-04:00,62.97999954223633,63.189998626708984,62.59000015258789,62.779998779296875,10493700,0.0,0.0,0.0
2025-07-16 00:00:00-04:00,62.86000061035156,63.65999984741211,62.58000183105469,63.11000061035156,10322200,0.0,0.0,0.0
2025-07-17 00:00:00-04:00,62.52000045776367,62.970001220703125,62.45000076293945,62.959999084472656,4897300,0.0,0.0,0.0
2025-07-18 00:00:00-04:00,63.310001373291016,63.31999969482422,63.11000061035156,63.130001068115234,7448100,0.0,0.0,0.0
2025-07-21 00:00:00-04:00,63.83000183105469,64.12999725341797,63.779998779296875,64.08999633789062,5242600,0.0,0.0,0.0
2025-07-22 00:00:00-04:00,64.37999725341797,64.72000122070312,64.19000244140625,64.69999694824219,5045200,0.0,0.0,0.0
2025-07-23 00:00:00-04:00,64.27999877929688,64.47000122070312,63.7400016784668,63.90999984741211,11582700,0.0,0.0,0.0
2025-07-24 00:00:00-04:00,63.29999923706055,63.650001525878906,63.2599983215332,63.529998779296875,3271300,0.0,0.0,0.0
2025-07-25 00:00:00-04:00,63.0,63.099998474121094,62.66999816894531,62.90999984741211,5506600,0.0,0.0,0.0
2025-07-28 00:00:00-04:00,62.720001220703125,62.75,62.22999954223633,62.52000045776367,4606300,0.0,0.0,0.0
2025-07-29 00:00:00-04:00,62.599998474121094,62.84000015258789,62.43000030517578,62.689998626708984,3660100,0.0,0.0,0.0
2025-07-30 00:00:00-04:00,62.29999923706055,62.36000061035156,61.599998474121094,61.619998931884766,8431800,0.0,0.0,0.0
2025-07-31 00:00:00-04:00,62.34000015258789,62.349998474121094,61.9900016784668,62.0099983215332,4852600,0.0,0.0,0.0
2025-08-01 00:00:00-04:00,63.15999984741211,63.36000061035156,62.91999816894531,63.290000915527344,8423900,0.0,0.0,0.0
2025-08-04 00:00:00-04:00,63.619998931884766,63.81999969482422,63.529998779296875,63.63999938964844,3891800,0.0,0.0,0.0
2025-08-05 00:00:00-04:00,63.540000915527344,63.90999984741211,63.5099983215332,63.689998626708984,5550300,0.0,0.0,0.0
2025-08-06 00:00:00-04:00,63.5099983215332,63.709999084472656,63.43000030517578,63.560001373291016,3177300,0.0,0.0,0.0
2025-08-07 00:00:00-04:00,63.83000183105469,64.0999984741211,63.59000015258789,64.08000183105469,5775400,0.0,0.0,0.0
2025-08-08 00:00:00-04:00,63.93000030517578,64.16999816894531,63.630001068115234,64.05999755859375,10126600,0.0,0.0,0.0
2025-08-11 00:00:00-04:00,63.18000030517578,63.38999938964844,62.97999954223633,63.16999816894531,7022200,0.0,0.0,0.0
2025-08-12 00:00:00-04:00,63.099998474121094,63.310001373291016,62.779998779296875,63.099998474121094,5391900,0.0,0.0,0.0
2025-08-13 00:00:00-04:00,63.290000915527344,63.529998779296875,63.13999938964844,63.290000915527344,2998100,0.0,0.0,0.0
2025-08-14 00:00:00-04:00,63.029998779296875,63.11000061035156,62.7400016784668,62.900001525878906,3838800,0.0,0.0,0.0
2025-08-15 00:00:00-04:00,62.93000030517578,63.04999923706055,62.81999969482422,62.939998626708984,7667400,0.0,0.0,0.0
2025-08-18 00:00:00-04:00,63.0,63.029998779296875,62.77000045776367,62.84000015258789,7055700,0.0,0.0,0.0
2025-08-19 00:00:00-04:00,62.790000915527344,62.93000030517578,62.47999954223633,62.4900016784668,4419700,0.0,0.0,0.0
2025-08-20 00:00:00-04:00,62.970001220703125,63.13999938964844,62.93000030517578,63.130001068115234,3608700,0.0,0.0,0.0
2025-08-21 00:00:00-04:00,63.029998779296875,63.08000183105469,62.86000061035156,62.900001525878906,6383700,0.0,0.0,0.0
2025-08-22 00:00:00-04:00,62.72999954223633,63.66999816894531,62.72999954223633,63.58000183105469,12583500,0.0,0.0,0.0
2025-08-25 00:00:00-04:00,63.40999984741211,63.630001068115234,63.400001525878906,63.439998626708984,2224900,0.0,0.0,0.0
2025-08-26 00:00:00-04:00,63.58000183105469,63.90999984741211,63.52000045776367,63.880001068115234,7909500,0.0,0.0,0.0
2025-08-27 00:00:00-04:00,63.75,64.05000305175781,63.619998931884766,64.01000213623047,2931200,0.0,0.0,0.0
2025-08-28 00:00:00-04:00,64.13999938964844,64.5,64.08999633789062,64.48999786376953,4900200,0.0,0.0,0.0
2025-08-29 00:00:00-04:00,64.43000030517578,65.11000061035156,64.41000366210938,65.0999984741211,6360600,0.0,0.0,0.0
2025-09-02 00:00:00-04:00,65.69000244140625,66.72000122070312,65.55999755859375,66.6500015258789,9973200,0.0,0.0,0.0
2025-09-03 00:00:00-04:00,67.12000274658203,67.44000244140625,66.88999938964844,67.19999694824219,5169300,0.0,0.0,0.0
2025-09-04 00:00:00-04:00,66.94999694824219,67.05000305175781,66.61000061035156,66.91000366210938,6439500,0.0,0.0,0.0
2025-09-05 00:00:00-04:00,67.47000122070312,67.8499984741211,67.3499984741211,67.76000213623047,8368400,0.0,0.0,0.0
2025-09-08 00:00:00-04:00,68.30000305175781,68.75,68.22000122070312,68.54000091552734,6838300,0.0,0.0,0.0
2025-09-09 00:00:00-04:00,68.98999786376953,69.26000213623047,68.36000061035156,68.41000366210938,8801400,0.0,0.0,0.0
2025-09-10 00:00:00-04:00,68.73999786376953,68.88999938964844,68.51000213623047,68.63999938964844,6802500,0.0,0.0,0.0
2025-09-11 00:00:00-04:00,68.26000213623047,68.61000061035156,68.16999816894531,68.52999877929688,10093600,0.0,0.0,0.0
2025-09-12 00:00:00-04:00,68.75,68.87000274658203,68.62999725341797,68.68000030517578,3745700,0.0,0.0,0.0
2025-09-15 00:00:00-04:00,68.86000061035156,69.44999694824219,68.83000183105469,69.37999725341797,4457800,0.0,0.0,0.0
2025-09-16 00:00:00-04:00,69.62000274658203,69.79000091552734,69.33000183105469,69.54000091552734,27357700,0.0,0.0,0.0
2025-09-17 00:00:00-04:00,69.29000091552734,69.86000061035156,68.69999694824219,69.0,17507500,0.0,0.0,0.0
2025-09-18 00:00:00-04:00,68.83000183105469,68.86000061035156,68.3499984741211,68.70999908447266,9244100,0.0,0.0,0.0
2025-09-19 00:00:00-04:00,68.87999725341797,69.44999694824219,68.86000061035156,69.44000244140625,5766000,0.0,0.0,0.0
2025-09-22 00:00:00-04:00,70.16000366210938,70.6500015258789,69.98999786376953,70.62999725341797,6521700,0.0,0.0,0.0
2025-09-23 00:00:00-04:00,71.30000305175781,71.4000015258789,70.70999908447266,70.94000244140625,11213900,0.0,0.0,0.0
2025-09-24 00:00:00-04:00,71.0,71.01000213623047,70.04000091552734,70.29000091552734,9123000,0.0,0.0,0.0
2025-09-25 00:00:00-04:00,70.48999786376953,70.80000305175781,70.11000061035156,70.58000183105469,7896100,0.0,0.0,0.0
2025-09-26 00:00:00-04:00,70.80000305175781,71.30000305175781,70.70999908447266,70.98999786376953,7110600,0.0,0.0,0.0
2025-09-29 00:00:00-04:00,72.0199966430664,72.2300033569336,71.91999816894531,72.16000366210938,7263500,0.0,0.0,0.0
2025-09-30 00:00:00-04:00,71.87999725341797,72.79000091552734,71.83999633789062,72.7699966430664,7678100,0.0,0.0,0.0
2025-10-01 00:00:00-04:00,72.93000030517578,73.08000183105469,72.63999938964844,72.87999725341797,10140100,0.0,0.0,0.0
2025-10-02 00:00:00-04:00,73.3499984741211,73.43000030517578,71.94999694824219,72.6500015258789,11710400,0.0,0.0,0.0
2025-10-03 00:00:00-04:00,73.12999725341797,73.33000183105469,72.8499984741211,73.22000122070312,9028000,0.0,0.0,0.0
2025-10-06 00:00:00-04:00,74.12000274658203,74.80000305175781,74.0,74.62000274658203,9403200,0.0,0.0,0.0
2025-10-07 00:00:00-04:00,75.05000305175781,75.19999694824219,74.63999938964844,75.01000213623047,8728100,0.0,0.0,0.0
2025-10-08 00:00:00-04:00,76.08000183105469,76.48999786376953,75.86000061035156,76.22000122070312,11060900,0.0,0.0,0.0
2025-10-09 00:00:00-04:00,76.38999938964844,76.41000366210938,74.30000305175781,74.83000183105469,23845100,0.0,0.0,0.0
2025-10-10 00:00:00-04:00,75.23999786376953,75.80999755859375,74.81999969482422,75.58000183105469,12966900,0.0,0.0,0.0
2025-10-13 00:00:00-04:00,77.08000183105469,77.56999969482422,76.9000015258789,77.43000030517578,9388800,0.0,0.0,0.0
2025-10-14 00:00:00-04:00,77.43000030517578,78.29000091552734,77.37999725341797,78.02999877929688,11451300,0.0,0.0,0.0
2025-10-15 00:00:00-04:00,79.02999877929688,79.38999938964844,78.76000213623047,79.31999969482422,11406400,0.0,0.0,0.0
2025-10-16 00:00:00-04:00,80.08999633789062,81.23999786376953,79.94000244140625,81.1500015258789,17695100,0.0,0.0,0.0
2025-10-17 00:00:00-04:00,81.30000305175781,81.33999633789062,78.87000274658203,79.62999725341797,40401300,0.0,0.0,0.0
2025-10-20 00:00:00-04:00,81.37999725341797,82.55000305175781,80.87000274658203,82.5,15793200,0.0,0.0,0.0
2025-10-21 00:00:00-04:00,79.13999938964844,79.5999984741211,76.9000015258789,77.37999725341797,39834100,0.0,0.0,0.0
2025-10-22 00:00:00-04:00,76.30999755859375,77.4800033569336,75.54000091552734,77.27999877929688,24702700,0.0,0.0,0.0
2025-10-23 00:00:00-04:00,78.11000061035156,78.25,77.52999877929688,77.55000305175781,10752000,0.0,0.0,0.0
2025-10-24 00:00:00-04:00,77.5,77.95999908447266,77.18000030517578,77.30999755859375,11592400,0.0,0.0,0.0
2025-10-27 00:00:00-04:00,75.97000122070312,76.06999969482422,74.80999755859375,75.1500015258789,19098400,0.0,0.0,0.0
2025-10-28 00:00:00-04:00,74.06999969482422,74.79000091552734,73.73999786376953,74.58999633789062,11185300,0.0,0.0,0.0
2025-10-29 00:00:00-04:00,75.69999694824219,75.77999877929688,74.0,74.30999755859375,15939000,0.0,0.0,0.0
2025-10-30 00:00:00-04:00,74.76000213623047,75.83000183105469,74.63999938964844,75.79000091552734,10400900,0.0,0.0,0.0
2025-10-31 00:00:00-04:00,75.8499984741211,75.87999725341797,74.83999633789062,75.38999938964844,9572400,0.0,0.0,0.0
2025-11-03 00:00:00-05:00,75.54000091552734,75.91999816894531,75.2699966430664,75.54000091552734,6968000,0.0,0.0,0.0
2025-11-04 00:00:00-05:00,74.44000244140625,74.87999725341797,74.0,74.20999908447266,6979400,0.0,0.0,0.0
2025-11-05 00:00:00-05:00,75.04000091552734,75.16999816894531,74.66999816894531,75.05000305175781,5947200,0.0,0.0,0.0
2025-11-06 00:00:00-05:00,75.16000366210938,75.37999725341797,74.68000030517578,74.97000122070312,7512500,0.0,0.0,0.0
2025-11-07 00:00:00-05:00,75.33999633789062,75.86000061035156,75.04000091552734,75.43000030517578,8568500,0.0,0.0,0.0
2025-11-10 00:00:00-05:00,76.9800033569336,77.54000091552734,76.75,77.47000122070312,6054500,0.0,0.0,0.0
2025-11-11 00:00:00-05:00,77.80000305175781,77.88999938964844,77.18000030517578,77.80000305175781,6738900,0.0,0.0,0.0
2025-11-12 00:00:00-05:00,77.83000183105469,79.33000183105469,77.69999694824219,79.04000091552734,13813900,0.0,0.0,0.0
2025-11-13 00:00:00-05:00,79.30000305175781,79.47000122070312,78.06999969482422,78.41000366210938,12295600,0.0,0.0,0.0
2025-11-14 00:00:00-05:00,76.3499984741211,77.44000244140625,75.94000244140625,76.9800033569336,15959800,0.0,0.0,0.0
2025-11-17 00:00:00-05:00,76.58999633789062,76.87999725341797,75.47000122070312,76.11000061035156,10494300,0.0,0.0,0.0
2025-11-18 00:00:00-05:00,76.75,76.9000015258789,76.11000061035156,76.69000244140625,10234000,0.0,0.0,0.0
2025-11-19 00:00:00-05:00,77.3499984741211,77.83999633789062,76.4000015258789,76.77999877929688,9162100,0.0,0.0,0.0
2025-11-20 00:00:00-05:00,76.83999633789062,77.3499984741211,76.1500015258789,76.77999877929688,8518700,0.0,0.0,0.0
2025-11-21 00:00:00-05:00,76.5999984741211,77.23999786376953,76.37999725341797,76.61000061035156,10289900,0.0,0.0,0.0
2025-11-24 00:00:00-05:00,76.76000213623047,77.86000061035156,76.62999725341797,77.83999633789062,7411900,0.0,0.0,0.0
2025-11-25 00:00:00-05:00,77.87999725341797,78.31999969482422,77.43000030517578,77.83000183105469,12677900,0.0,0.0,0.0
2025-11-26 00:00:00-05:00,78.02999877929688,78.58000183105469,77.91999816894531,78.44000244140625,9143000,0.0,0.0,0.0
2025-11-28 00:00:00-05:00,79.05000305175781,79.41999816894531,78.83999633789062,79.41000366210938,6228400,0.0,0.0,0.0
2025-12-01 00:00:00-05:00,80.0,80.0,79.47000122070312,79.80999755859375,10411600,0.0,0.0,0.0
2025-12-02 00:00:00-05:00,79.61000061035156,79.6500015258789,78.43000030517578,79.29000091552734,8130400,0.0,0.0,0.0
2025-12-03 00:00:00-05:00,79.55999755859375,79.88999938964844,79.0199966430664,79.2300033569336,5417200,0.0,0.0,0.0
2025-12-04 00:00:00-05:00,79.2300033569336,79.45999908447266,78.93000030517578,79.27999877929688,4030300,0.0,0.0,0.0
2025-12-05 00:00:00-05:00,79.69999694824219,80.22000122070312,79.08000183105469,79.13999938964844,6569800,0.0,0.0,0.0
2025-12-08 00:00:00-05:00,79.27999877929688,79.30000305175781,78.63999938964844,78.94999694824219,6331000,0.0,0.0,0.0
2025-12-09 00:00:00-05:00,78.97000122070312,79.5,78.91000366210938,79.33999633789062,5245200,0.0,0.0,0.0
2025-12-10 00:00:00-05:00,79.05000305175781,79.81999969482422,78.76000213623047,79.66999816894531,8626400,0.0,0.0,0.0
2025-12-11 00:00:00-05:00,79.66999816894531,80.70999908447266,79.56999969482422,80.54000091552734,13195700,0.0,0.0,0.0
2025-12-12 00:00:00-05:00,81.76000213623047,81.9800033569336,80.18000030517578,80.98999786376953,13725700,0.0,0.0,0.0
2025-12-15 00:00:00-05:00,81.45999908447266,81.6500015258789,80.70999908447266,81.08000183105469,7222800,0.0,0.0,0.0
2025-12-16 00:00:00-05:00,81.45999908447266,81.6500015258789,80.81999969482422,81.08000183105469,6965200,0.0,0.0,0.0
2025-12-17 00:00:00-05:00,81.5199966430664,81.91000366210938,81.37000274658203,81.76000213623047,10268800,0.0,0.0,0.0
2025-12-18 00:00:00-05:00,81.56999969482422,82.37999725341797,81.12000274658203,81.62999725341797,8053100,0.0,0.0,0.0
2025-12-19 00:00:00-05:00,81.5,82.04000091552734,81.33999633789062,81.70999908447266,5202600,0.0,0.0,0.0
2025-12-22 00:00:00-05:00,83.33999633789062,83.66000366210938,83.08999633789062,83.58999633789062,6309800,0.0,0.0,0.0
2025-12-23 00:00:00-05:00,84.05999755859375,84.72000122070312,83.38999938964844,84.68000030517578,7327000,0.0,0.0,0.0
2025-12-24 00:00:00-05:00,84.44000244140625,84.51000213623047,83.7300033569336,84.33999633789062,6549300,0.0,0.0,0.0
2025-12-26 00:00:00-05:00,85.30000305175781,85.69000244140625,84.94000244140625,85.33999633789062,8989300,0.0,0.0,0.0
2025-12-29 00:00:00-05:00,82.68000030517578,82.68000030517578,81.01000213623047,81.61000061035156,16442800,0.0,0.0,0.0
2025-12-30 00:00:00-05:00,82.6500015258789,82.69000244140625,81.63999938964844,81.70999908447266,8333700,0.0,0.0,0.0
2025-12-31 00:00:00-05:00,81.63999938964844,81.94999694824219,81.0,81.16999816894531,9044600,0.0,0.0,0.0
2026-01-02 00:00:00-05:00,82.25,82.27999877929688,81.1500015258789,81.55999755859375,9679200,0.0,0.0,0.0
2026-01-05 00:00:00-05:00,83.2300033569336,83.9000015258789,83.18000030517578,83.70999908447266,9385200,0.0,0.0,0.0
2026-01-06 00:00:00-05:00,84.08999633789062,84.68000030517578,84.04000091552734,84.62000274658203,8729000,0.0,0.0,0.0
2026-01-07 00:00:00-05:00,83.66999816894531,84.13999938964844,83.30000305175781,83.80999755859375,8631600,0.0,0.0,0.0
2026-01-08 00:00:00-05:00,83.3499984741211,84.30999755859375,83.25,84.27999877929688,5575800,0.0,0.0,0.0
2026-01-09 00:00:00-05:00,84.61000061035156,85.05000305175781,84.33999633789062,84.88999938964844,10736000,0.0,0.0,0.0
2026-01-12 00:00:00-05:00,86.36000061035156,87.19000244140625,86.33000183105469,86.48999786376953,10978300,0.0,0.0,0.0
2026-01-13 00:00:00-05:00,86.95999908447266,87.37999725341797,86.04000091552734,86.36000061035156,13273100,0.0,0.0,0.0
2026-01-14 00:00:00-05:00,87.26000213623047,87.43000030517578,86.61000061035156,87.2300033569336,11856400,0.0,0.0,0.0
2026-01-15 00:00:00-05:00,86.6500015258789,87.06999969482422,86.58999633789062,86.70999908447266,8795500,0.0,0.0,0.0
2026-01-16 00:00:00-05:00,86.5999984741211,87.0,85.44000244140625,86.2699966430664,20024200,0.0,0.0,0.0
2026-01-20 00:00:00-05:00,89.44000244140625,89.75,88.91999816894531,89.55000305175781,17969900,0.0,0.0,0.0
2026-01-21 00:00:00-05:00,91.5,91.73999786376953,89.54000091552734,90.87000274658203,26241200,0.0,0.0,0.0
2026-01-22 00:00:00-05:00,90.91000366210938,92.77999877929688,90.87000274658203,92.55999755859375,11020500,0.0,0.0,0.0
2026-01-23 00:00:00-05:00,93.0,93.94999694824219,92.88999938964844,93.79000091552734,18623600,0.0,0.0,0.0
2026-01-26 00:00:00-05:00,95.61000061035156,96.12000274658203,94.30000305175781,95.18000030517578,25297400,0.0,0.0,0.0
2026-01-27 00:00:00-05:00,95.25,97.58000183105469,95.02999877929688,97.4800033569336,20377800,0.0,0.0,0.0
2026-01-28 00:00:00-05:00,99.02999877929688,101.5199966430664,98.58999633789062,101.25,42995600,0.0,0.0,0.0
2026-01-29 00:00:00-05:00,104.37000274658203,104.4000015258789,95.81999969482422,101.56999969482422,69839500,0.0,0.0,0.0
2026-01-30 00:00:00-05:00,95.48999786376953,96.2699966430664,88.19000244140625,91.19999694824219,76121500,0.0,0.0,0.0
2026-02-02 00:00:00-05:00,88.91999816894531,90.26000213623047,86.54000091552734,87.56999969482422,31833100,0.0,0.0,0.0
2026-02-03 00:00:00-05:00,92.69999694824219,94.0199966430664,91.9000015258789,93.02999877929688,36182400,0.0,0.0,0.0
2026-02-04 00:00:00-05:00,94.70999908447266,94.83999633789062,91.27999877929688,92.91999816894531,24594400,0.0,0.0,0.0
2026-02-05 00:00:00-05:00,90.98999786376953,92.33999633789062,90.20999908447266,90.52999877929688,20972500,0.0,0.0,0.0
2026-02-06 00:00:00-05:00,92.29000091552734,93.56999969482422,92.16999816894531,93.23999786376953,11782600,0.0,0.0,0.0
2026-02-09 00:00:00-05:00,94.47000122070312,95.76000213623047,94.38999938964844,95.62999725341797,11434800,0.0,0.0,0.0
2026-02-10 00:00:00-05:00,95.44999694824219,95.5999984741211,94.12000274658203,94.70999908447266,10306400,0.0,0.0,0.0
2026-02-11 00:00:00-05:00,95.44999694824219,95.9800033569336,94.80999755859375,95.76000213623047,8020300,0.0,0.0,0.0
2026-02-12 00:00:00-05:00,95.22000122070312,95.51000213623047,91.80000305175781,92.4800033569336,22578200,0.0,0.0,0.0
2026-02-13 00:00:00-05:00,94.19000244140625,95.0,93.45999908447266,94.75,10225100,0.0,0.0,0.0
2026-02-17 00:00:00-05:00,92.19000244140625,92.44999694824219,91.27999877929688,91.81999969482422,10112000,0.0,0.0,0.0
2026-02-18 00:00:00-05:00,93.3499984741211,94.30999755859375,93.2699966430664,93.8499984741211,9099900,0.0,0.0,0.0
2026-02-19 00:00:00-05:00,93.70999908447266,94.51000213623047,93.41999816894531,94.12000274658203,7521800,0.0,0.0,0.0
2026-02-20 00:00:00-05:00,94.88999938964844,95.97000122070312,93.87000274658203,95.94999694824219,10079400,0.0,0.0,0.0
2026-02-23 00:00:00-05:00,97.22000122070312,98.58999633789062,97.22000122070312,98.56999969482422,8340400,0.0,0.0,0.0
2026-02-24 00:00:00-05:00,96.27999877929688,97.37999725341797,96.19000244140625,97.19999694824219,6546000,0.0,0.0,0.0
2026-02-25 00:00:00-05:00,97.44999694824219,98.20999908447266,96.86000061035156,96.97000122070312,7040800,0.0,0.0,0.0
2026-02-26 00:00:00-05:00,97.30999755859375,97.88999938964844,96.54000091552734,97.79000091552734,5642900,0.0,0.0,0.0
2026-02-27 00:00:00-05:00,98.45999908447266,99.12000274658203,98.16000366210938,99.06999969482422,9228800,0.0,0.0,0.0
2026-03-02 00:00:00-05:00,100.37999725341797,100.80999755859375,99.01000213623047,100.37999725341797,17985000,0.0,0.0,0.0
2026-03-03 00:00:00-05:00,96.75,96.94000244140625,94.02999877929688,95.91999816894531,19212800,0.0,0.0,0.0
2026-03-04 00:00:00-05:00,97.22000122070312,97.58999633789062,96.16999816894531,96.6500015258789,11314400,0.0,0.0,0.0
2026-03-05 00:00:00-05:00,96.33000183105469,96.4000015258789,95.02999877929688,95.5199966430664,17814400,0.0,0.0,0.0
2026-03-06 00:00:00-05:00,96.08000183105469,97.4000015258789,95.63999938964844,96.9800033569336,11701100,0.0,0.0,0.0
2026-03-09 00:00:00-04:00,95.91000366210938,96.83000183105469,95.22000122070312,96.77999877929688,6813800,0.0,0.0,0.0
2026-03-10 00:00:00-04:00,98.29000091552734,98.5999984741211,97.13999938964844,97.8499984741211,8889300,0.0,0.0,0.0
2026-03-11 00:00:00-04:00,97.5199966430664,97.80999755859375,96.91999816894531,97.55000305175781,5155500,0.0,0.0,0.0
2026-03-12 00:00:00-04:00,97.30000305175781,97.30999755859375,95.55000305175781,95.6500015258789,47696600,0.0,0.0,0.0
2026-03-13 00:00:00-04:00,96.12000274658203,96.30000305175781,94.27999877929688,94.37999725341797,12220900,0.0,0.0,0.0
2026-03-16 00:00:00-04:00,94.47000122070312,94.80000305175781,93.5999984741211,94.33000183105469,9700300,0.0,0.0,0.0
2026-03-17 00:00:00-04:00,94.33999633789062,94.68000030517578,93.58999633789062,94.06999969482422,8925500,0.0,0.0,0.0
2026-03-18 00:00:00-04:00,91.48999786376953,92.19000244140625,91.04000091552734,91.12000274658203,18426400,0.0,0.0,0.0
2026-03-19 00:00:00-04:00,86.0999984741211,87.72000122070312,85.38999938964844,87.37000274658203,32763000,0.0,0.0,0.0
2026-03-20 00:00:00-04:00,87.69000244140625,87.80000305175781,84.2699966430664,84.69999694824219,23870000,0.0,0.0,0.0
2026-03-23 00:00:00-04:00,82.9800033569336,84.91000366210938,81.87999725341797,82.77999877929688,30403200,0.0,0.0,0.0
2026-03-24 00:00:00-04:00,81.98999786376953,83.44000244140625,81.87000274658203,82.76000213623047,14571600,0.0,0.0,0.0
2026-03-25 00:00:00-04:00,86.01000213623047,86.16999816894531,84.45999908447266,85.2699966430664,12478900,0.0,0.0,0.0
2026-03-26 00:00:00-04:00,83.69000244140625,84.29000091552734,82.02999877929688,82.08999633789062,15659300,0.0,0.0,0.0
2026-03-27 00:00:00-04:00,83.2300033569336,85.72000122070312,83.05999755859375,84.94999694824219,15166000,0.0,0.0,0.0
2026-03-30 00:00:00-04:00,85.94999694824219,86.06999969482422,84.55999755859375,84.93000030517578,11160200,0.0,0.0,0.0
2026-03-31 00:00:00-04:00,86.06999969482422,88.19999694824219,85.9800033569336,88.16000366210938,12762400,0.0,0.0,0.0
2026-04-01 00:00:00-04:00,89.12000274658203,90.16999816894531,88.87999725341797,89.68000030517578,14442600,0.0,0.0,0.0
2026-04-02 00:00:00-04:00,86.54000091552734,88.41000366210938,86.29000091552734,87.94000244140625,6147000,0.0,0.0,0.0
2026-04-06 00:00:00-04:00,87.8499984741211,88.4000015258789,87.43000030517578,87.61000061035156,4424300,0.0,0.0,0.0
2026-04-07 00:00:00-04:00,87.63999938964844,88.77999877929688,86.70999908447266,88.45999908447266,8178500,0.0,0.0,0.0
2026-04-08 00:00:00-04:00,90.1500015258789,90.23999786376953,88.38999938964844,89.04000091552734,9977200,0.0,0.0,0.0
2026-04-09 00:00:00-04:00,89.43000030517578,90.33000183105469,89.30999755859375,89.72000122070312,4029700,0.0,0.0,0.0
2026-04-10 00:00:00-04:00,89.8499984741211,90.2300033569336,89.33999633789062,89.55999755859375,3469000,0.0,0.0,0.0
2026-04-13 00:00:00-04:00,89.0999984741211,89.37000274658203,88.44999694824219,89.20999908447266,5074100,0.0,0.0,0.0
2026-04-14 00:00:00-04:00,90.0,91.19000244140625,89.95999908447266,91.18000030517578,5290600,0.0,0.0,0.0
2026-04-15 00:00:00-04:00,90.7300033569336,90.9000015258789,90.06999969482422,90.23999786376953,4392800,0.0,0.0,0.0
2026-04-16 00:00:00-04:00,90.5999984741211,90.75,89.7699966430664,90.16000366210938,3996000,0.0,0.0,0.0
2026-04-17 00:00:00-04:00,91.30000305175781,91.93000030517578,91.23999786376953,91.33999633789062,4141000,0.0,0.0,0.0
2026-04-20 00:00:00-04:00,90.77999877929688,90.83999633789062,90.16999816894531,90.56999969482422,4826400,0.0,0.0,0.0
2026-04-21 00:00:00-04:00,89.8499984741211,90.19999694824219,87.8499984741211,88.04000091552734,8510300,0.0,0.0,0.0
2026-04-22 00:00:00-04:00,89.38999938964844,89.58000183105469,88.88999938964844,89.19000244140625,3151800,0.0,0.0,0.0
2026-04-23 00:00:00-04:00,88.94999694824219,89.19000244140625,87.73999786376953,88.33999633789062,4056400,0.0,0.0,0.0
2026-04-24 00:00:00-04:00,88.37999725341797,89.19000244140625,88.25,88.75,3065300,0.0,0.0,0.0
2026-04-27 00:00:00-04:00,88.45999908447266,88.4800033569336,87.80999755859375,88.06999969482422,2337600,0.0,0.0,0.0
2026-04-28 00:00:00-04:00,86.19000244140625,86.56999969482422,85.73999786376953,86.45999908447266,4138600,0.0,0.0,0.0
2026-04-29 00:00:00-04:00,85.37999725341797,85.87999725341797,84.86000061035156,85.55000305175781,8933300,0.0,0.0,0.0
2026-04-30 00:00:00-04:00,87.1500015258789,87.16999816894531,86.62999725341797,86.8499984741211,4084600,0.0,0.0,0.0
2026-05-01 00:00:00-04:00,86.33999633789062,87.68000030517578,86.29000091552734,86.72000122070312,9814900,0.0,0.0,0.0
2026-05-04 00:00:00-04:00,85.80999755859375,86.22000122070312,84.69000244140625,84.97000122070312,7885300,0.0,0.0,0.0
2026-05-05 00:00:00-04:00,86.08999633789062,86.27999877929688,85.62000274658203,85.69000244140625,4027600,0.0,0.0,0.0
2026-05-06 00:00:00-04:00,88.12999725341797,88.75,88.02999877929688,88.30000305175781,6534300,0.0,0.0,0.0
2026-05-07 00:00:00-04:00,89.2300033569336,89.62000274658203,88.16000366210938,88.45999908447266,7072800,0.0,0.0,0.0
2026-05-08 00:00:00-04:00,88.94000244140625,89.37000274658203,88.47000122070312,88.87000274658203,2861400,0.0,0.0,0.0
2026-05-11 00:00:00-04:00,88.97000122070312,89.33000183105469,88.56999969482422,89.05999755859375,3017900,0.0,0.0,0.0
2026-05-12 00:00:00-04:00,88.23999786376953,88.70999908447266,87.2699966430664,88.70999908447266,3211600,0.0,0.0,0.0
2026-05-13 00:00:00-04:00,88.22000122070312,88.5999984741211,87.83000183105469,88.19000244140625,3350600,0.0,0.0,0.0
2026-05-14 00:00:00-04:00,88.19000244140625,88.41999816894531,87.5199966430664,87.54000091552734,2471200,0.0,0.0,0.0
2026-05-15 00:00:00-04:00,85.58999633789062,85.9000015258789,84.86000061035156,85.51000213623047,3923800,0.0,0.0,0.0
2026-05-18 00:00:00-04:00,86.01000213623047,86.23999786376953,85.23999786376953,85.76000213623047,3198400,0.0,0.0,0.0
2026-05-19 00:00:00-04:00,84.5,84.91999816894531,83.98999786376953,84.31999969482422,10805200,0.0,0.0,0.0
2026-05-20 00:00:00-04:00,84.44999694824219,85.6500015258789,84.02999877929688,85.52999877929688,6017700,0.0,0.0,0.0
2026-05-21 00:00:00-04:00,84.66999816894531,85.73999786376953,84.41999816894531,85.43000030517578,2808800,0.0,0.0,0.0
2026-05-22 00:00:00-04:00,85.06999969482422,85.16999816894531,84.47000122070312,84.80999755859375,3236000,0.0,0.0,0.0
2026-05-26 00:00:00-04:00,85.05999755859375,85.23999786376953,84.31999969482422,84.80999755859375,3854900,0.0,0.0,0.0
2026-05-27 00:00:00-04:00,82.8499984741211,83.87000274658203,82.8499984741211,83.7300033569336,6776600,0.0,0.0,0.0
2026-05-28 00:00:00-04:00,83.30000305175781,84.93000030517578,83.08999633789062,84.58999633789062,12929300,0.0,0.0,0.0
2026-05-29 00:00:00-04:00,85.16000366210938,86.44000244140625,85.06999969482422,85.48999786376953,5948900,0.0,0.0,0.0
2026-06-01 00:00:00-04:00,84.01000213623047,84.55000305175781,83.66000366210938,84.2699966430664,4816900,0.0,0.0,0.0
2026-06-02 00:00:00-04:00,84.87000274658203,84.91000366210938,84.23999786376953,84.41999816894531,5892000,0.0,0.0,0.0
2026-06-03 00:00:00-04:00,83.68000030517578,83.88999938964844,83.25,83.58999633789062,9057300,0.0,0.0,0.0
2026-06-04 00:00:00-04:00,84.72000122070312,84.91999816894531,83.83000183105469,84.27999877929688,3051300,0.0,0.0,0.0
2026-06-05 00:00:00-04:00,82.87000274658203,82.94000244140625,81.1500015258789,81.22000122070312,7787500,0.0,0.0,0.0
2026-06-08 00:00:00-04:00,81.45999908447266,81.75,81.1500015258789,81.37999725341797,6513400,0.0,0.0,0.0
2026-06-09 00:00:00-04:00,81.45999908447266,82.05999755859375,79.68000030517578,80.06999969482422,9210000,0.0,0.0,0.0
2026-06-10 00:00:00-04:00,78.0199966430664,78.7300033569336,76.75,76.79000091552734,11399900,0.0,0.0,0.0
2026-06-11 00:00:00-04:00,76.62000274658203,79.33999633789062,76.20999908447266,79.12999725341797,13527200,0.0,0.0,0.0
2026-06-12 00:00:00-04:00,79.05000305175781,79.66000366210938,78.56999969482422,79.19000244140625,9878300,0.0,0.0,0.0
2026-06-15 00:00:00-04:00,81.88999938964844,82.18000030517578,81.18000030517578,81.26000213623047,5130600,0.0,0.0,0.0
2026-06-16 00:00:00-04:00,81.5199966430664,81.75,81.12000274658203,81.5,3922100,0.0,0.0,0.0
2026-06-17 00:00:00-04:00,81.52999877929688,82.4000015258789,79.33000183105469,79.63999938964844,14275600,0.0,0.0,0.0
2026-06-18 00:00:00-04:00,80.19999694824219,80.44000244140625,79.02999877929688,79.33000183105469,8405500,0.0,0.0,0.0
2026-06-22 00:00:00-04:00,78.75,79.18000030517578,78.41999816894531,78.80000305175781,9674400,0.0,0.0,0.0
2026-06-23 00:00:00-04:00,77.4000015258789,77.94000244140625,77.29000091552734,77.33000183105469,4652100,0.0,0.0,0.0
2026-06-24 00:00:00-04:00,74.77999877929688,76.01000213623047,74.44000244140625,74.98999786376953,10609200,0.0,0.0,0.0
2026-06-25 00:00:00-04:00,75.62999725341797,76.04000091552734,75.18000030517578,75.70999908447266,6287200,0.0,0.0,0.0
2026-06-26 00:00:00-04:00,76.29000091552734,77.0199966430664,76.06999969482422,76.55999755859375,4671800,0.0,0.0,0.0
2026-06-29 00:00:00-04:00,75.95999908447266,76.05000305175781,75.20999908447266,75.52999877929688,4262200,0.0,0.0,0.0
2026-06-30 00:00:00-04:00,75.66000366210938,76.41000366210938,75.45999908447266,75.51000213623047,5512900,0.0,0.0,0.0
2026-07-01 00:00:00-04:00,76.08999633789062,77.41000366210938,75.87999725341797,75.95999908447266,6798100,0.0,0.0,0.0
2026-07-02 00:00:00-04:00,77.31999969482422,77.93000030517578,77.12000274658203,77.51000213623047,4674000,0.0,0.0,0.0
2026-07-06 00:00:00-04:00,77.9000015258789,78.38999938964844,77.63999938964844,78.30000305175781,11490500,0.0,0.0,0.0
2026-07-07 00:00:00-04:00,78.3499984741211,78.61000061035156,76.97000122070312,77.37000274658203,3420700,0.0,0.0,0.0
2026-07-08 00:00:00-04:00,76.48999786376953,76.94000244140625,75.62999725341797,76.73999786376953,3337100,0.0,0.0,0.0
2026-07-09 00:00:00-04:00,77.58000183105469,77.80000305175781,77.36000061035156,77.51000213623047,5457000,0.0,0.0,0.0
2026-07-10 00:00:00-04:00,76.86000061035156,77.38999938964844,76.58999633789062,77.26000213623047,2748600,0.0,0.0,0.0
2026-07-13 00:00:00-04:00,76.38999938964844,76.41999816894531,74.97000122070312,75.25,4392400,0.0,0.0,0.0
2026-07-14 00:00:00-04:00,76.7699966430664,77.11000061035156,76.02999877929688,76.2699966430664,3520800,0.0,0.0,0.0
2026-07-15 00:00:00-04:00,76.26000213623047,76.75,75.7300033569336,76.27999877929688,2942300,0.0,0.0,0.0
2026-07-16 00:00:00-04:00,75.30000305175781,75.51000213623047,74.62000274658203,74.80000305175781,5619200,0.0,0.0,0.0
2026-07-17 00:00:00-04:00,74.5999984741211,75.6500015258789,74.55000305175781,75.5,6288100,0.0,0.0,0.0
2026-07-20 00:00:00-04:00,75.37000274658203,75.58000183105469,75.18000030517578,75.3499984741211,7583800,0.0,0.0,0.0
2026-07-21 00:00:00-04:00,76.16999816894531,76.8499984741211,76.05999755859375,76.81999969482422,3570000,0.0,0.0,0.0
2026-07-22 00:00:00-04:00,77.72000122070312,78.33000183105469,77.62999725341797,77.69000244140625,7764900,0.0,0.0,0.0
2026-07-23 00:00:00-04:00,76.29000091552734,76.45999908447266,75.94999694824219,76.1500015258789,4105300,0.0,0.0,0.0
2026-07-24 00:00:00-04:00,76.08999633789062,76.75,76.06999969482422,76.2300033569336,2593500,0.0,0.0,0.0
2026-07-27 00:00:00-04:00,76.63999938964844,76.9800033569336,76.44000244140625,76.77999877929688,2335300,0.0,0.0,0.0
2026-07-28 00:00:00-04:00,75.76000213623047,76.08999633789062,75.44000244140625,75.69999694824219,4775200,0.0,0.0,0.0
2026-07-29 00:00:00-04:00,75.4800033569336,77.38999938964844,75.12999725341797,76.04000091552734,4203200,0.0,0.0,0.0
2026-07-30 00:00:00-04:00,76.69000244140625,77.44999694824219,76.61000061035156,77.30000305175781,3534200,0.0,0.0,0.0
2026-07-31 00:00:00-04:00,76.01000213623047,76.26000213623047,75.5999984741211,76.16999816894531,5262600,0.0,0.0,0.0
2026-08-03 00:00:00-04:00,75.8499984741211,76.25,75.56999969482422,76.19000244140625,4316600,0.0,0.0,0.0
2026-08-04 00:00:00-04:00,76.66999816894531,77.19000244140625,76.5,76.69000244140625,10095400,0.0,0.0,0.0
2026-08-05 00:00:00-04:00,78.93000030517578,80.23999786376953,78.7699966430664,79.8499984741211,11119200,0.0,0.0,0.0
2026-08-06 00:00:00-04:00,79.8499984741211,80.37000274658203,79.38999938964844,79.87000274658203,7368800,0.0,0.0,0.0
2026-08-07 00:00:00-04:00,81.91999816894531,82.11000061035156,81.37000274658203,81.68000030517578,8402700,0.0,0.0,0.0
2026-08-10 00:00:00-04:00,81.5,82.6500015258789,81.1500015258789,82.51000213623047,3559900,0.0,0.0,0.0
2026-08-11 00:00:00-04:00,82.68000030517578,82.80999755859375,81.97000122070312,82.18000030517578,3718200,0.0,0.0,0.0
2026-08-12 00:00:00-04:00,83.05999755859375,83.45999908447266,82.6500015258789,82.9800033569336,4824700,0.0,0.0,0.0
2026-08-13 00:00:00-04:00,82.41000366210938,82.5,81.6500015258789,81.77999877929688,4245100,0.0,0.0,0.0
2026-08-14 00:00:00-04:00,82.41999816894531,82.66000366210938,82.19000244140625,82.27999877929688,2145200,0.0,0.0,0.0
2026-08-17 00:00:00-04:00,82.4800033569336,83.2699966430664,82.44000244140625,83.11000061035156,4936100,0.0,0.0,0.0
2026-08-18 00:00:00-04:00,82.51000213623047,82.87000274658203,81.56999969482422,81.70999908447266,3153200,0.0,0.0,0.0
2026-08-19 00:00:00-04:00,83.80999755859375,84.8499984741211,83.5199966430664,84.83999633789062,10875400,0.0,0.0,0.0
2026-08-20 00:00:00-04:00,84.08000183105469,85.36000061035156,84.01000213623047,85.12999725341797,9100300,0.0,0.0,0.0
2026-08-21 00:00:00-04:00,86.19000244140625,87.08999633789062,85.98999786376953,86.79000091552734,6293800,0.0,0.0,0.0
2026-08-24 00:00:00-04:00,87.86000061035156,88.0199966430664,86.94999694824219,87.47000122070312,6764400,0.0,0.0,0.0
2026-08-25 00:00:00-04:00,86.66999816894531,87.76000213623047,86.56999969482422,87.76000213623047,4523700,0.0,0.0,0.0
2026-08-26 00:00:00-04:00,86.68000030517578,87.0999984741211,86.16000366210938,86.37000274658203,4005200,0.0,0.0,0.0
2026-08-27 00:00:00-04:00,86.27999877929688,86.79000091552734,85.7699966430664,86.62000274658203,4257700,0.0,0.0,0.0
2026-08-28 00:00:00-04:00,86.55000305175781,87.06999969482422,83.56999969482422,83.81999969482422,9443100,0.0,0.0,0.0
2026-08-31 00:00:00-04:00,83.56999969482422,83.75,83.01000213623047,83.70999908447266,3407600,0.0,0.0,0.0
2026-09-01 00:00:00-04:00,81.6500015258789,82.25,81.26000213623047,81.3499984741211,4827200,0.0,0.0,0.0
2026-09-02 00:00:00-04:00,81.94999694824219,82.66000366210938,81.91000366210938,82.55000305175781,4841000,0.0,0.0,0.0
2026-09-03 00:00:00-04:00,84.19000244140625,84.7699966430664,83.76000213623047,84.0999984741211,5268100,0.0,0.0,0.0
2026-09-04 00:00:00-04:00,82.94999694824219,83.63999938964844,82.83000183105469,83.38999938964844,4989000,0.0,0.0,0.0
2026-09-08 00:00:00-04:00,82.70999908447266,82.87999725341797,81.91000366210938,81.94999694824219,4471800,0.0,0.0,0.0
